-- BD Producción
-- CREATE DATABASE IF NOT EXISTS heroku_8710917fecf1cf0;
-- USE heroku_8710917fecf1cf0;

-- BD Beta
CREATE DATABASE IF NOT EXISTS heroku_314befdd836197e;
USE heroku_314befdd836197e;

-- BD local
-- CREATE DATABASE IF NOT EXISTS PIN;
-- USE PIN;

INSERT INTO rol (id_role, name) VALUES
    (1, "Shop"),
    (2, "User");

INSERT INTO tags (id_tags, name) VALUES
    (1, "Actividades al aire libre"),
    (2, "Actividades escolares"),
    (3, "Ciencia y tecnología"),
    (4, "Cine y teatro"),
    (5, "Deportes y salud"),
    (6, "eSport"),
    (7, "Estilo de vida"),
    (8, "Fiesta"),
    (9, "Gastronomía"),
    (10, "Música"),
    (11, "Negocios"),
    (12, "Ocio"),
    (13, "Viajes"),
    (14, "Otros...");

INSERT INTO images (id_image, urlPath) VALUES
	(1, "https://www.valenciabonita.es/wp-content/uploads/2017/02/21212.jpg"),
	(2, "https://www.instagram.com/p/BhT0kiDABig/?utm_source=ig_embed"),
	(3, "https://www.inf.upv.es/www/etsinf/wp-content/uploads/2020/11/Feria-2020a-770x428.jpg"),
	(4, "https://lh3.googleusercontent.com/BuDoI4cCwmF30xI1kIq29Q2J0vulXCALq-H_7BryMR8q0WDPLbkXo7MsUVR5mogHFC28zmjyjUS0VccvyTyCDX4=w16383)"),
	(5, "https://stylelovely.com/wp-content/uploads/veggie_garden-barcelona.jpg"),
	(6, "https://stylelovely.com/wp-content/uploads/teresa_carles.jpg"),
	(7, "https://stylelovely.com/wp-content/uploads/ziva-palma_mallorca-e1569929504826.jpg"),
	(8, "https://vandba.com/wp-content/uploads/2018/01/img_licencia_facebook.jpg"),
	(9, "https://www.darekoreformas.com/wp-content/uploads/2019/06/Reformas-locales-huelva-empresas.jpg"),
	(10, "https://imagenes.heraldo.es/files/image_990_v1/uploads/imagenes/2018/12/20/_ronda1_b66564e5.jpg"),
	(11, "https://lacronicadesalamanca.com/wp-content/uploads/2019/12/los-vecinos-del-barrio-del-oete-cantan-villancicos-en-la-calle.-547x450.jpg"),
	(12, "http://www.infoguadiato.com/ficheros/imagennoticia2358_MAXI.jpg"),
	(13, "https://studiosol-a.akamaihd.net/uploadfile/letras/playlists/7/1/1/6/71163c80442c424da6b83f463cc3515f.jpg"),
	(14, "https://i.pinimg.com/originals/fc/24/1c/fc241cc15eb053aef860be7fe15ff606.jpg"),
	(15, "https://m.facebook.com/barcordubenses/photos/a.542441906095203/883036678702389/?type=3&source=57&__tn__=EH-R"),
	(16, "http://4.bp.blogspot.com/-je-066G-HCg/T3os6s1rGmI/AAAAAAAAANs/aHvw-N8ShuY/s320/estrella-de-levante.jpg"),
	(17, "https://scontent.fvlc4-1.fna.fbcdn.net/v/t31.18172-8/18359433_671623826359075_17989139492088683_o.jpg?_nc_cat=100&ccb=1-5&_nc_sid=84a396&_nc_ohc=OEu4Ey4R6usAX_D4koF&_nc_ht=scontent.fvlc4-1.fna&oh=d9754fa16f32fba060997e8e739d834e&oe=61D6B556"),
	(18, "https://static4.abc.es/media/espana/2015/11/02/bnanda--620x349.jpg"),
	(19, "https://estaticos-cdn.prensaiberica.es/clip/c9e67933-62b4-46bf-a0c8-966964f738c9_16-9-discover-aspect-ratio_default_0.jpg"),
	(20, "https://www.nuestrasbandasdemusica.com/images2/bic-bandas-cv-2018.jpg"),
	(21, "https://pilaresnota.files.wordpress.com/2014/10/banda-de-mc3basica.jpg?w=840&h=630"),
	(22, "http://itparty.es/wp-content/uploads/2019/09/fiesta-de-vuelta-al-cole-800x480.jpg"),
	(23, "https://www.hogarmania.com/archivos/201911/vestir-fiesta-empresa-navidad-668x400x80xX-1.jpg"),
	(24, "https://wp-growpro.s3.eu-west-1.amazonaws.com/media/2021/04/19102237/Fiesta-en-Madrid.jpg"),
	(25, "http://4.bp.blogspot.com/-je-066G-HCg/T3os6s1rGmI/AAAAAAAAANs/aHvw-N8ShuY/s320/estrella-de-levante.jpg"),
	(26, "https://scontent.fvlc4-1.fna.fbcdn.net/v/t31.18172-8/18359433_671623826359075_17989139492088683_o.jpg?_nc_cat=100&ccb=1-5&_nc_sid=84a396&_nc_ohc=OEu4Ey4R6usAX_D4koF&_nc_ht=scontent.fvlc4-1.fna&oh=d9754fa16f32fba060997e8e739d834e&oe=61D6B556");

INSERT INTO provinces VALUES
	(1,  "Álava"),
	(2,  "Albacete"),
	(3,  "Alicante"),
	(4,  "Almería"),
	(5,  "Ávila"),
	(6,  "Badajoz"),
	(7,  "Islas Baleares"),
	(8,  "Barcelona"),
	(9,  "Burgos"),
	(10,  "Cáceres"),
	(11,  "Cádiz"),
	(12,  "Castellón"),
	(13,  "Ciudad Real"),
	(14,  "Córdoba"),
	(15,  "La Coruña"),
	(16,  "Cuenca"),
	(17,  "Girona"),
	(18,  "Granada"),
	(19,  "Guadalajara"),
	(20,  "Gipuzkoa"),
	(21,  "Huelva"),
	(22,  "Huesca"),
	(23,  "Jaén"),
	(24,  "León"),
	(25,  "Lleida"),
	(26,  "La Rioja"),
	(27,  "Lugo"),
	(28,  "Madrid"),
	(29,  "Málaga"),
	(30,  "Murcia"),
	(31,  "Navarra"),
	(32,  "Ourense"),
	(33,  "Asturias"),
	(34,  "Palencia"),
	(35,  "Las Palmas"),
	(36,  "Pontevedra"),
	(37,  "Salamanca"),
	(38,  "Santa Cruz de Tenerife"),
	(39,  "Cantabria"),
	(40,  "Segovia"),
	(41,  "Sevilla"),
	(42,  "Soria"),
	(43,  "Tarragona"),
	(44,  "Teruel"),
	(45,  "Toledo"),
	(46,  "Valencia"),
	(47,  "Valladolid"),
	(48,  "Vizcaya"),
	(49,  "Zamora"),
	(50,  "Zaragoza"),
	(51,  "Ceuta"),
	(52,  "Melilla");

INSERT INTO address (id_address, id_province, codPos, location, direction, latitude, longitude) VALUES
	(1, 46, 46120, "Alboraia", "Av. Mare Nostrum, 36", 39.48671569925988, -0.32602104678428906),
	(2, 46, 46020, "Valencia", "C. Emilio Baró, 41-37", 39.4866736811619, -0.3614394767533182),
	(3, 46, 46100, "Burjassot", "Carrer del Dr. Moliner, 2", 39.51041027978192, -0.41506449019920777),
	(4, 46, 46010, "Valencia", "C. de Amadeo de Saboya, 2-4", 39.474009473049556, -0.3630316433638434),
	(9, 46, 46005, "Valencia", "Gran Vía del Marqués del Turia, 65", 39.46807245684281, -0.36675250690513783),
	(19, 46, 46010, "Valencia", "Av. del Botánico Cavanilles, 1", 39.48179197451317, -0.36524853930435147),
	(20, 46, 46013, "Valencia", "Carrer d'Antonio Ferrandis, 50", 39.44911789072239, -0.36205039540202827),
	(5, 46, 46500, "Sagunto", "Carrer Metge Rafael Moya", 39.676668185904006, -0.258765828658274),
	(7, 45, 46169, "Olocau", "Mirador de l'Abella", 39.69537011750718, -0.49397461632787654),
	(10, 14, 14200, "Peñarroya-Pueblonuevo", "C/ Dos de mayo, 22", 39.08989925, -0.545081986577831),
	(12, 46, 46930, "Cuart de Poblet", "C. Majoral de Quart, 1", 39.482501778699536, -0.4396012216226947),
	(13, 13, 13200, "Manzanares", "C. Carrilejos, 43", 39.00137532191904, -3.372950343157947),
	(14, 12, 12006, "Castellón de la Plana", "C. de Jesús Martí Martín, 13-9", 39.99147365142124, -0.0641439836421396),
	(15, 12, 12006, "Castellón de la Plana", "C. del Abeto, 6", 39.983984786795396, -0.06362056718402999),
	(16, 46, 46500, "Sagunto", "Pl. del Cronista Chabret, 7", 39.68074768685425, -0.2779137857173898),
	(17, 46, 46500, "Sagunto", "Carrer Gilet, 14-16", 39.68014460937561, -0.28555737085122407),
	(18, 46, 46010, "Valencia", "C. de Amadeo de Saboya, 2-4", 39.474009473049556, -0.3630316433638434),
	(6, 46, 46011, "Valencia", "Calle Dr. Lluch, 299-293", 39.47403934794228, -0.32737726469032713),
	(8, 46, 46013, "Valencia", "Avinguda dels Germans Maristes, 15-11", 39.451769876036245, -0.36739977459014783),
	(11, 12, 12530, "Burriana", "C. del Bronze, 26-34", 39.87747692547962, -0.11732116967371088);
      
INSERT INTO entity (id_entity, id_role, id_address, phone, sha256, pass, mail, nick, name, surname, description, avatar) VALUES
	(1, 2, 12, 999555111, "AB08B0D233EDD559A58A0561C4569A67032B849B09C975178A8F61A8C4EBF4EF", "03AC674216F3E15C761EE1A5E255F067953623C8B388B4459E13F978D7C846F4", "prueba1@feriaupv.es", "keira_ortiz86", "Modesta", "Alfonso Campillo", "El único modo de hacer un gran trabajo es amar lo que haces - Steve Jobs", "https://www.caritas.org.mx/wp-content/uploads/2019/02/cualidades-persona-humanitaria.jpg"),
	(2, 2, 5, 999555222, "555D5C623D4C4F8FB8B6F191B3A9E32AB2419D7A4189653C3A31288C73AADAEA", "03AC674216F3E15C761EE1A5E255F067953623C8B388B4459E13F978D7C846F4", "prueba2@feriaupv.es", "katelin_gutkowski", "Benito", "del Grande", "Nunca pienso en las consecuencias de fallar un gran tiro… cuando se piensa en las consecuencias se está pensando en un resultado negativo - Michael Jordan", "https://aws.glamour.mx/prod/designs/v1/assets/620x354/186093.jpg"),
	(3, 2, 7, 999666001, "F9479780EF04ED58E2A0006C8BDDC07DA179FD76FF5FF645AA19C43CA75E851F", "03AC674216F3E15C761EE1A5E255F067953623C8B388B4459E13F978D7C846F4", "prueba3@feriaupv.es", "myrtle53", "Lino", "Ayuso Tenorio", "El dinero no es la clave del éxito; la libertad para poder crear lo es - Nelson Mandela", "https://lamenteesmaravillosa.com/wp-content/uploads/2018/09/hombre-creido-pensando-que-sabe.jpg?auto=webp&quality=45&width=1920&crop=16:9,smart,safe"),
	(4, 2, 13, 999666005, "948B2E2E62D6F6C255CD207B8FE860E3D438DA1544FB20BC8646CCAAD5F5C572", "03AC674216F3E15C761EE1A5E255F067953623C8B388B4459E13F978D7C846F4", "prueba4@feriaupv.es", "kiarra21", "Desiderio Fortunato", "Pedrero Valencia", "Cuanto más duramente trabajo, más suerte tengo - Gary Player", "https://concepto.de/wp-content/uploads/2018/08/persona-e1533759204552.jpg"),
	(5, 2, 14, 999666007, "0E224F749B6AAE85D37BFDFAD852EBC9C903674BEFDF242F2DEC3C7EC65CC3E4", "03AC674216F3E15C761EE1A5E255F067953623C8B388B4459E13F978D7C846F4", "totallynotfake@mail.com", "green_hamill37", "Cornelio", "Pombo Echevarría", "La inteligencia consiste no sólo en el conocimiento, sino también en la destreza de aplicar los conocimientos en la práctica - Aristóteles", "https://cdnb.20m.es/sites/112/2019/04/cara6-620x618.jpg"),
	(6, 2, 15, 999666008, "516C2E6E088CE279DDBF7B607814637F5643ED45E507A0638B8E1D6B430F4471", "03AC674216F3E15C761EE1A5E255F067953623C8B388B4459E13F978D7C846F4", "prueba5@feriaupv.es", "shaniya.pfeffer", "Manola Jovita", "Castañeda Rozas", "El trabajo duro hace que desaparezcan las arrugas de la mente y el espíritu - Helena Rubinstein ", "https://cdnb.20m.es/sites/112/2019/04/cara75-620x609.jpg"),
	(7, 2, 10, 999666009, "4CDC62B0732ADC171461A8BC7A266BBCCFB92FF4CB44B116DB097D89F80D1288", "03AC674216F3E15C761EE1A5E255F067953623C8B388B4459E13F978D7C846F4", "prueba6@feriaupv.es", "myrna_schneider", "Jose Miguel", "Moliner Oliver", "Cuando algo es lo suficientemente importante, lo haces incluso si las probabilidades de que salga bien no te acompañan - Elon Musk", "https://cdnb.20m.es/sites/112/2019/04/cara47-620x620.jpg"),
	(8, 2, 16, 999666010, "C48740B89302F1CFA17242E4F939C5461A85D9247F4E6CF64001C67E19278DBC", "03AC674216F3E15C761EE1A5E255F067953623C8B388B4459E13F978D7C846F4", "prueba7@feriaupv.es", "marcelina.marks", "Macarena", "Torres", "Escoge un trabajo que te guste, y nunca tendrás que trabajar ni un solo día de tu vida - Confucio", "https://cdnb.20m.es/sites/112/2019/04/cara61-620x620.jpg"),
	(9, 2, 17, 999555335, "363C1FBAA96A5EC8FC0EE7FC38DC4B72F1FB049B4EA7D4FDE1F306BC4571124C", "03AC674216F3E15C761EE1A5E255F067953623C8B388B4459E13F978D7C846F4", "prueba8@feriaupv.es", "thomas.borer", "Cosme", "Pacheco Moya", "Loving music and life", "https://cdnb.20m.es/sites/112/2019/04/cara4-620x620.jpg"),
	(10, 2, 18, 999555333, "05C837CD25B64B388A9F0CEDC89BDFDA7611130873C55D42F97EA8BBE73DC714", "03AC674216F3E15C761EE1A5E255F067953623C8B388B4459E13F978D7C846F4", "prueba9@feriaupv.es", "laura.stiedemann96", "Úrsula", "Pera Pallarès", "Un sueño no se hace realidad por arte de magia, necesita sudor, determinación y trabajo duro - Colin Powell", "https://cdnb.20m.es/sites/112/2019/04/cara13-620x624.jpg"),
	(11, 1, 19, 999666003, "302D5D4909C59A356F935C54A427DC3F2BC258591E62E7A4DAD9B52E1A69C690", "03AC674216F3E15C761EE1A5E255F067953623C8B388B4459E13F978D7C846F4", "prueba11@feriaupv.es", "PirataPub", "Pirata Pub, S.L.", null, "Tu pub favoríto con temática pirata, ¿A qué esperas, grumete?", "https://c7.alamy.com/compes/j50n5j/los-turistas-relajarse-en-un-bar-de-playa-junto-al-paseo-maritimo-con-una-estatua-de-piratas-en-primer-plano-torremolinos-provincia-de-malaga-andalucia-espana-en-el-oeste-j50n5j.jpg"),
	(12, 1, 9, 999666002, "713D63EA13722940547EA33F7B7070C2B04707AC8326ABC0339FC599817C1F7B", "03AC674216F3E15C761EE1A5E255F067953623C8B388B4459E13F978D7C846F4", "prueba12@feriaupv.es", "PubCarril", "Pub Carril, S.A.", null, "¡Cuidado con lo que tomas, no te salgas de la vía?", "https://dynamic-media-cdn.tripadvisor.com/media/photo-o/04/20/48/3d/klubi-teater.jpg?w=500&h=400&s=1"),
	(13, 1, 20, 999666006, "39707EF2848A05D4D222E198DDEB95EC47A52F1FA872BEEE5E8F76B0E12B3D52", "03AC674216F3E15C761EE1A5E255F067953623C8B388B4459E13F978D7C846F4", "prueba13@feriaupv.es", "BocateriaVista", "Bocatería a la vista", null, "Los mejores bocadillos de toda la contorná", "https://jantour.elcorreo.com/fotos/thumbnail/foto-gloria+bendita+hamburguesas+y+entrepanes-bilbao-rr8bz.jpg"),
	(14, 1, 1, 999666003, "26F1BB8289FE6FFE055BF6A284867706888ADE3EC7D48C95BB61E34329F1AA52", "03AC674216F3E15C761EE1A5E255F067953623C8B388B4459E13F978D7C846F4", "prueba14@feriaupv.es", "TierrasAltas", "Excursiones 'Tierras Altas', S.B.", null, "Aventuras sin límite, desde senderísmo hasta paracaidismo", "https://deportesyeducacionfisica.com/depor/normas-de-seguridad-para-hacer-puenting/attachment/puenting/"),
	(15, 1, 2, 999666012, "E44432E1133D2E32E96ED56D87E59E21687F6A9BDADB49A3534B8AADDC3B364F", "03AC674216F3E15C761EE1A5E255F067953623C8B388B4459E13F978D7C846F4", "prueba15@feriaupv.es", "RestVegano", "Restaurante vegano", null, "Por que la calidad no está reñida con el cuidado de otros seres vidos", "https://images.squarespace-cdn.com/content/v1/5d9e96d29affea706096f37d/1616510664439-SLRJD7DN57KC1L7BA4D0/razones-comer-restaurante-vegano-vegetariano.jpg?format=1500w");

INSERT INTO activity (id_activity, id_entity_creator, id_address, seats, price, min_duration, dateAct, title, description) VALUES
	(1, 14, 1, 30, 7.5, 600, "2021-12-26", "Ruta de senderismo", "Visitaremos 'El salto de la novia'. Solo debes acudir al punto de salida (nuestro local) con el alimento suficiente para pasar el día."),
	(2, 15, 2, 100, 6, 450, "2021-12-16", "Fiesta de Proyectos PIN", "Invitamos a los participantes en la fiesta de proyectos de PIN a probar nuestro menú estrella"),
	(3, 12, 9, 100, 0, 300, "2021-12-17", "¡Gran Inauguración!", "Mañana abrimos y vamos a tener una pequeña celebración. ¡Pásate y redescubre todas las posibilidades de nuestro establecimiento!"),
	(4, 2, 6, 100, 30, 480, "2021-12-31", "Fiesta Nochevieja", "He alquilado un local para empezar el año nuevo con una gran fiesta +18 años (alcohol). No os olvidéis vuestro pasaporte COVID"),
	(5, 3, 8, 15, 0, 60, "2021-12-23", "Aguinaldo", "Recuperemos esta actividad tradicional, vayamos a pedir el aguinaldo, cantando villancicos por los distintos establecimientos"),
	(6, 2, 11, 10, 0, 180, "2021-12-18", "¿Algún plan?", "Acabo de llegar a la ciudad por trabajo, soy nuevo aquí y no conozco a nadie ¿Alguien quiere quedar mañana por la tarde?"),
	(7, 11, 19, 75, 0.5, 180, "2021-11-22", "Cerveza!", "Promoción en quintos de cerveza, para celebrar nuestro 10º aniversario."),	
	(8, 11, 19, 60, 5, 240, "2021-11-23", "Noche de música", "Esta noche viene unas cuantas bandas locales a tocar pásate y escucha al pueblo cantar"),
	(9, 1, 12, 15, 0, 120, "2021-09-03", "Quiero conocer gente nueva", "Soy nuevo en la ciudad quiero conocer gente nueva soy nuevo estudiante de la UPV. Cervezas?"),
 	(10, 15, 2, 100, 0, 240, "2021-09-03", "Nuevo curso escolar", "Por que la vuelta al 'cole' no debe ser triste, celebrémoslo a lo grande");
	
INSERT INTO img_act (id_image, id_activity) VALUES 
	(1, 1),
	(2, 1),
	(3, 2),
	(4, 2),
	(5, 3),
	(6, 3),
	(7, 3),
	(8, 4),
	(9, 4),
	(10, 5),
	(11, 5),
	(12, 5),
	(13, 6),
	(14, 9),
	(15, 7),
	(16, 7),
	(17, 7),
	(18, 8),
	(19, 8),
	(20, 8),
	(21, 8),
	(22, 10),
	(23, 10),
	(24, 10);

-- El id_review sobra, podría ser clave primaria (id_activity, id_entity)
INSERT INTO review (id_review, id_activity, id_entity, points, title, description) VALUES
    (1, 7, 2, 5, "Estupendo", "Me lo pasé estupendamente."),
    (2, 7, 4, 3, "No estuvo mal", "Muy buen ambiente, buenos precios, poca variedad de marcas."),
    (3, 7, 6, 4, "Repetiré", "Muy buen ambiente, conocí a mi novia, no sé si celebrarlo ;-)"),
    (4, 7, 5, 3, "Mejorable", "Buenos precios, poca variedad de marcas."),
    (5, 8, 8, 1, "Que aburrimiento", "Desafinaban hasta cuando estaban callados."),
    (6, 8, 5, 2, "No me gustó", null),
    (7, 8, 9, 1, "Nada recomendable", null),
    (8, 8, 10, 2, "ni bien ni mal", null),
    (9, 9, 10, 3, "Enrollao", null),
    (10, 9, 9, 5, "Guay", null),
    (11, 9, 7, 4, "Nice", null),
    (12, 10, 5, 4, "Estupendo", "Me lo pasé estupendamente."),
    (13, 10, 9, 5, "La mejor fiesta de mi vida", null),
    (14, 10, 2, 4, "ni bien ni mal", null),
    (15, 10, 3, 3, "Mejorable", null),
    (16, 10, 1, 5, "Guay", null);

INSERT INTO img_review (id_image, id_review) VALUES 
	(25, 1),
	(26, 2);

INSERT INTO entityToActivity (id_entity, id_activity) VALUES
	(1, 1),
	(1, 2),
	(1, 3),
	(1, 4),
	(1, 5),
	(1, 6),
	(1, 7),
	(1, 8),
	(1, 10),
	(2, 1),
	(2, 2),
	(2, 3),
	(2, 5),
	(2, 6),
	(2, 7),
	(2, 8),
	(2, 9),
	(2, 10),
	(3, 1),
	(3, 2),
	(3, 3),
	(3, 4),
	(3, 5),
	(3, 6),
	(3, 7),
	(3, 8),
	(3, 9),
	(3, 10),
	(4, 1),
	(4, 2),
	(4, 3),
	(4, 4),
	(4, 5),
	(4, 6),
	(4, 7),
	(4, 8),
	(4, 9),
	(4, 10),
	(5, 1),
	(5, 2),
	(5, 3),
	(5, 4),
	(5, 5),
	(5, 6),
	(5, 7),
	(5, 8),
	(5, 9),
	(5, 10),
	(6, 1),
	(6, 2),
	(6, 3),
	(6, 4),
	(6, 5),
	(6, 6),
	(6, 7),
	(6, 8),
	(6, 9),
	(6, 10),
	(7, 1),
	(7, 2),
	(7, 3),
	(7, 4),
	(7, 5),
	(7, 6),
	(7, 7),
	(7, 8),
	(7, 9),
	(7, 10),
	(8, 1),
	(8, 2),
	(8, 3),
	(8, 4),
	(8, 5),
	(8, 6),
	(8, 7),
	(8, 8),
	(8, 9),
	(8, 10),
	(9, 1),
	(9, 2),
	(9, 3),
	(9, 4),
	(9, 5),
	(9, 6),
	(9, 7),
	(9, 8),
	(9, 9),
	(9, 10),
	(10, 1),
	(10, 2),
	(10, 3),
	(10, 4),
	(10, 5),
	(10, 6),
	(10, 7),
	(10, 8),
	(10, 9),
	(10, 10),
	(11, 1),
	(11, 2),
	(11, 3),
	(11, 4),
	(11, 5),
	(11, 6),
	(11, 7),
	(11, 8),
	(11, 9),
	(11, 10);

INSERT INTO tags_ent (id_tags, id_entity) VALUES
	(1, 10),
	(1, 11),
	(1, 5),
	(1, 8),
	(1, 9),
	(2, 10),
	(2, 5),
	(2, 8),
	(3, 1),
	(3, 11),
	(3, 12),
	(3, 3),
	(3, 6),
	(3, 8),
	(3, 9),
	(4, 10),
	(4, 2),
	(4, 6),
	(4, 7),
	(4, 9),
	(5, 10),
	(5, 14),
	(5, 15),
	(5, 2),
	(5, 3),
	(5, 4),
	(5, 6),
	(5, 7),
	(5, 8),
	(6, 11),
	(6, 2),
	(6, 4),
	(6, 6),
	(7, 14),
	(7, 15),
	(7, 8),
	(7, 9),
	(8, 10),
	(8, 13),
	(8, 15),
	(8, 2),
	(8, 3),
	(8, 5),
	(8, 8),
	(8, 9),
	(9, 13),
	(9, 2),
	(9, 4),
	(9, 6),
	(9, 7),
	(10, 10),
	(10, 11),
	(10, 3),
	(10, 4),
	(10, 6),
	(11, 1),
	(11, 11),
	(11, 12),
	(11, 13),
	(11, 2),
	(11, 3),
	(11, 6),
	(11, 8),
	(11, 9),
	(12, 12),
	(12, 13),
	(12, 15),
	(12, 4),
	(12, 8),
	(12, 9),
	(13, 11),
	(13, 15),
	(13, 6),
	(14, 10),
	(14, 11),
	(14, 12),
	(14, 3),
	(14, 4);
    
INSERT INTO tags_act (id_tags, id_activity) VALUES
	(1, 3),
	(1, 4),
	(1, 5),
	(1, 6),
	(1, 8),
	(2, 3),
	(2, 4),
	(2, 5),
	(2, 9),
	(3, 1),
	(3, 2),
	(3, 4),
	(3, 7),
	(3, 8),
	(4, 1),
	(4, 3),
	(4, 9),
	(5, 3),
	(5, 5),
	(5, 6),
	(5, 8),
	(5, 9),
	(6, 1),
	(6, 10),
	(6, 4),
	(6, 7),
	(6, 9),
	(7, 7),
	(7, 8),
	(7, 9),
	(8, 3),
	(8, 5),
	(8, 7),
	(8, 8),
	(9, 1),
	(9, 10),
	(9, 4),
	(9, 8),
	(9, 9),
	(10, 1),
	(10, 10),
	(10, 4),
	(10, 5),
	(10, 9),
	(11, 1),
	(11, 3),
	(11, 5),
	(11, 6),
	(11, 8),
	(12, 2),
	(12, 6),
	(12, 7),
	(12, 8),
	(13, 1),
	(13, 10),
	(13, 2),
	(13, 3),
	(13, 6),
	(13, 7),
	(14, 10),
	(14, 3),
	(14, 6),
	(14, 7),
	(14, 8);
