-- BD Producción
-- USE heroku_8710917fecf1cf0;

-- BD Beta
 USE heroku_314befdd836197e;

INSERT INTO rol (id_role, name) VALUES
    (1, "Shop"),
    (2, "User");

INSERT INTO tags (id_tags, name) VALUES
    (1, "Aire libre"),
    (2, "Deportes"),
    (3, "Gastronomía"),
    (4, "Hacer Deporte"),
    (5, "Playa"),
    (6, "Senderismo"),
    (7, "Salir de fiesta"),
    (8, "Pasear"),
    (9, "Ir de compras");

INSERT INTO images (id_image, urlPath) VALUES
	(1, "urlFoto1"),
    (2, "urlFoto2"),
    (3, "urlFoto3"),
    (4, "urlFoto5"),
    (5, "urlFoto6"),
    (6, "urlFoto7"),
    (7, "urlFoto8"),
    (8, "urlFoto9"),
    (9, "urlFoto10"),
    (10, "urlFoto11"),
    (11, "urlFoto12"),
    (12, "urlFoto13"),
    (13, "urlFoto14"),
    (14, "urlFoto15"),
    (15, "urlFoto16"),
    (16, "urlFoto17"),
    (17, "urlFoto18"),
    (18, "urlFoto19"),
    (19, "urlFoto20"),
    (20, "urlFoto21"),
    (21, "urlFoto22"),
    (22, "urlFoto23"),
    (23, "urlFoto24");

INSERT INTO provinces VALUES
	(1,  "Álava"),
	(2,  "Albacete"),
	(3,  "Alicante"),
	(4,  "Almería"),
	(5,  "Ávila"),
	(6,  "Badajoz"),
	(7,  "Islas Baleares"),
	(8,  "Barcelona"),
	(9,  "Burgos"),
	(10,  "Cáceres"),
	(11,  "Cádiz"),
	(12,  "Castellón"),
	(13,  "Ciudad Real"),
	(14,  "Córdoba"),
	(15,  "La Coruña"),
	(16,  "Cuenca"),
	(17,  "Girona"),
	(18,  "Granada"),
	(19,  "Guadalajara"),
	(20,  "Gipuzkoa"),
	(21,  "Huelva"),
	(22,  "Huesca"),
	(23,  "Jaén"),
	(24,  "León"),
	(25,  "Lleida"),
	(26,  "La Rioja"),
	(27,  "Lugo"),
	(28,  "Madrid"),
	(29,  "Málaga"),
	(30,  "Murcia"),
	(31,  "Navarra"),
	(32,  "Ourense"),
	(33,  "Asturias"),
	(34,  "Palencia"),
	(35,  "Las Palmas"),
	(36,  "Pontevedra"),
	(37,  "Salamanca"),
	(38,  "Santa Cruz de Tenerife"),
	(39,  "Cantabria"),
	(40,  "Segovia"),
	(41,  "Sevilla"),
	(42,  "Soria"),
	(43,  "Tarragona"),
	(44,  "Teruel"),
	(45,  "Toledo"),
	(46,  "Valencia"),
	(47,  "Valladolid"),
	(48,  "Vizcaya"),
	(49,  "Zamora"),
	(50,  "Zaragoza"),
	(51,  "Ceuta"),
	(52,  "Melilla");
    
INSERT INTO address (id_address, id_province, codPos, location, direction, latitude, longitude) VALUES
	(1, 14, 14200, "Peñarroya-Pueblonuevo", "C/ Dos de mayo, 22", 3788473, -4779152),
	(2, 46, 46020, "Valencia", "Ronda Norte, S/N", 3788473, -4779152),
	(3, 46, 46020, "Valencia", "Ronda Norte, S/N", 3788473, -4779152),
	(4, 46, 46020, "Valencia", "Ronda Norte, S/N", 3788473, -4779152),
	(5, 46, 46020, "Valencia", "Ronda Norte, S/N", 3788473, -4779152),
	(6, 46, 46020, "Valencia", "Ronda Norte, S/N", 3788473, -4779152),
	(7, 46, 46020, "Valencia", "Ronda Norte, S/N", 3788473, -4779152),
	(8, 46, 46020, "Valencia", "Ronda Norte, S/N", 3788473, -4779152),
	(9, 46, 46020, "Valencia", "Ronda Norte, S/N", 3788473, -4779152),
	(10, 46, 46020, "Valencia", "Ronda Norte, S/N", 3788473, -4779152),
	(11, 46, 46020, "Valencia", "Ronda Norte, S/N", 3788473, -4779152),
	(12, 46, 46020, "Valencia", "Ronda Norte, S/N", 3788473, -4779152),
	(13, 46, 46020, "Valencia", "Ronda Norte, S/N", 3788473, -4779152),
	(14, 46, 46020, "Valencia", "Ronda Norte, S/N", 3788473, -4779152),
	(15, 46, 46020, "Valencia", "Ronda Norte, S/N", 3788473, -4779152),
	(16, 46, 46020, "Valencia", "Ronda Norte, S/N", 3788473, -4779152),
	(17, 46, 46020, "Valencia", "Ronda Norte, S/N", 3788473, -4779152),
	(18, 46, 46020, "Valencia", "Ronda Norte, S/N", 3788473, -4779152),
	(19, 46, 46020, "Valencia", "Ronda Norte, S/N", 3788473, -4779152),
	(20, 46, 46020, "Valencia", "Ronda Norte, S/N", 3788473, -4779152),
	(21, 46, 46020, "Valencia", "Ronda Norte, S/N", 3788473, -4779152),
	(22, 46, 46020, "Valencia", "Ronda Norte, S/N", 3788473, -4779152),
	(23, 46, 46020, "Valencia", "Ronda Norte, S/N", 3788473, -4779152),
	(24, 46, 46020, "Valencia", "Ronda Norte, S/N", 3788473, -4779152),
	(25, 46, 46020, "Valencia", "Ronda Norte, S/N", 3788473, -4779152),
	(26, 46, 46020, "Valencia", "Ronda Norte, S/N", 3788473, -4779152),
	(27, 46, 46020, "Valencia", "Ronda Norte, S/N", 3788473, -4779152),
	(28, 46, 46020, "Valencia", "Ronda Norte, S/N", 3788473, -4779152),
	(29, 46, 46020, "Valencia", "Ronda Norte, S/N", 3788473, -4779152),
	(30, 46, 46020, "Valencia", "Ronda Norte, S/N", 3788473, -4779152),
	(31, 46, 46020, "Valencia", "Ronda Norte, S/N", 3788473, -4779152),
	(32, 46, 46020, "Valencia", "Ronda Norte, S/N", 3788473, -4779152),
	(33, 46, 46020, "Valencia", "Ronda Norte, S/N", 3788473, -4779152),
	(34, 46, 46020, "Valencia", "Ronda Norte, S/N", 3788473, -4779152),
	(35, 46, 46020, "Valencia", "Ronda Norte, S/N", 3788473, -4779152),
	(36, 46, 46020, "Valencia", "Ronda Norte, S/N", 3788473, -4779152),
	(37, 46, 46020, "Valencia", "Ronda Norte, S/N", 3788473, -4779152),
	(38, 46, 46020, "Valencia", "Ronda Norte, S/N", 3788473, -4779152),
	(39, 46, 46020, "Valencia", "Ronda Norte, S/N", 3788473, -4779152),
	(40, 46, 46020, "Valencia", "Ronda Norte, S/N", 3788473, -4779152),
	(41, 46, 46020, "Valencia", "Ronda Norte, S/N", 3788473, -4779152),
	(42, 46, 46020, "Valencia", "Ronda Norte, S/N", 3788473, -4779152),
	(43, 46, 46020, "Valencia", "Ronda Norte, S/N", 3788473, -4779152),
	(44, 46, 46020, "Valencia", "Ronda Norte, S/N", 3788473, -4779152),
	(45, 46, 46020, "Valencia", "Ronda Norte, S/N", 3788473, -4779152),
	(46, 46, 46020, "Valencia", "Ronda Norte, S/N", 3788473, -4779152);
      
INSERT INTO entity (id_entity, id_role, id_address, nick, name, surname, description, mail, sha256, phone, pass, avatar, deleted) VALUES
	(1, 2, 1, "Dracarys", "Daenerys", "Targaryen", "Crecer es cambiar", "ddt@got.com", "82109A53D09F69518E408196D3C4F6B587B3836B93B38F7C7F5682DAB8444CDD", 999555111, "1234", "urlFoto", 0),
	(2, 2, 2, "Bastardo", "Jon", "Snow", "Loving music and life", "bjs@got.com", "48C8004CF354B56839E488A9BF2A4B45FD08B675956FE0F3D8789854588A23A4", 999555222, "1234", "urlFoto", 0),
	(3, 1, 3, "Tasquilla", "100 Montaditos", null, "Una cerveza: un cigarro --> muñeco de barro", "100@got.com", "4CA0CDB671B2A0FE9B0D130538EAB5003556B6502B22A8B0707DBDD6FB381DC7", 999555333, "1234", "urlFoto", 0),
	(4, 2, 4, "Slynda", "Sara", "Lyndalae", "Me gustan los gatos: pero no mucho", "slynda@mail.com", "1B62E25F53605DDD5A9C534BC61491E4657437F1A61B64C41D9584251DA2BB32", 999666001, "1234", "urlFoto", 0),
	(5, 1, 5, "TipoDeIncognito", "Antonio", "López Pedrola", "Me gustan los perros: pero no demasiado", "antonio@mail.com", "48130F62B5B03159DDEAA8989204FFAC7469BD3AF462F3E447E56B8D4D039FD5", 999666003, "1234", "urlFoto", 0),
	(6, 1, 6, "Coffè", "Cafetería - heladería", null, "Cafe: leche y azúcar", "cofsugar@mail.com", "C7A3CFD22CF9F4FB148A7BB78EAC3859C15E61EA6A3B12ABCA57E4E29BE54FC3", 999666002, "1234", "urlFoto", 0),
	(7, 2, 7, "Chloe", "Chloe", "Apellido Inventado", "Primera vez que puedo llamarme chloe y no Chloe1 o Chloe2 o Chloe1234", "chrrr5@mail.com", "4F10CA7AB8BC5FBED73CD337E4518906ECA6B0DFCCEDA9F0774A0E400A11DCDE", 999666003, "1234", "urlFoto", 0),
	(8, 2, 8, "Rosael", "James", "Anthony Adams", "I'm new here: who wants to hang out?", "totallynotfake@mail.com", "0E224F749B6AAE85D37BFDFAD852EBC9C903674BEFDF242F2DEC3C7EC65CC3E4", 999666005, "1234", "urlFoto", 0),
	(9, 1, 9, "P24", "Pub", null, "Pub sin g", "pub24negocios@mail.com", "8A0B4303BE8A2DC46BC16C6E10EDB73CAD98970E8294B0CF0A2F3F587250D96C", 999666006, "1234", "urlFoto", 0),
	(10, 2, 10, "Mattt", "Mathews", "Moo", "No soy una vaka", "mooothwes@mail.com", "AC8705147C46A4BF032ABC6E5E495C44B7016F9751EAFAEF70C930DCD0E692E2", 999666007, "1234", "urlFoto", 0),
	(11, 2, 11, "CarlAs", "Solaire", "Astora", "\[T]/", "praisethesun@mail.com", "30BD0BB64B0FC6937F40638C35076064D07CD239B9A110A1FDAA47000430D81A", 999666008, "1234", "urlFoto", 0),
	(12, 2, 12, "Clara", "Clara", "Torres", "Crecer es cambiar", "clat65@mail.com", "2DEA635F577E602E3A2015148DD2030984A8009E1CD43A492FC1527B674B7303", 999666009, "1234", "urlFoto", 0),
	(13, 2, 13, "Chafacharcos", "Sergio", "Astronauta", "Loving music and life", "chafacharcos97@mail.com", "B3CD2B3D4BA5071177EF0EC2EB31C22848F2BAF64A86A4914B1425627FFEC458", 999666010, "1234", "urlFoto", 0),
	(14, 2, 14, "VitKras_87", "Viktor", "Andre Saldaya","Yo con tanta leche y tu con cara de galleta", "ironman724830@mail.com", "F0F4F7C68BAC32635B0FD8C71E89BCEF296F8055FEC745B846A1167C91901028", 999666011, "1234", "urlFoto", 0),
	(15, 1, 15, "Soplo de verano", "Restaurante vegano", null, "Nuevo restaurante para aquellos que solo comen verde", "summerbreath@mail.com", "7D771847542DFD43D3D5E2C5591F954D0F05E2E3A5BE98C9280E3D731EFC63B5", 999666012, "1234", "urlFoto", 0);
    
INSERT INTO activity (id_activity, id_entity_creator, id_address, title, description, seats, price, dateAct, min_duration, deleted) VALUES
	(1, 2, 16, "Party de Halloween", "Nos vamos de botellona por el centro...", 155,  12.50,  "2021-12-31", 15, 0),
	(2, 1, 17, "Acampada", "Visita guiada al muro de hielo...", 200, 0,  "2021-11-30", 90, 0),
	(3, 3, 18, "Come y bebe", "Come y bebe todo lo que puedas...", 40, 10,  "2021-10-31", 45, 0),
	(4, 8, 19, "Anyone available?", "Tonight near city centre. I'm bored", 25, 0,  "2021-10-31", 45, 0),
	(5, 4, 20, "Fiesta de disfraces", "Pues eso se acerca Halloween ¿alquien quiere venirse disfrazado y ir a pedir xuxes?", 60, 0,  "2021-10-31", 45, 0),
	(6, 6, 21, "Nuevo Capuccino", "Para celebrar nuestros nuevos cafés almuerzo con descuento y actuación matutina no te lo pierdas", 15, 4,  "2021-10-31", 90, 0),
	(7, 1, 22, "Prueba", "Espero no publicar esto sin querer", 6, 10,  "2021-12-31", 5, 0),
	(8, 3, 23, "Quiero conocer gente nueva", "Soy nuevo en la ciudad quiero conocer gente nueva soy nuevo estudiante de la UPV. Cervezas?", 20, 40,  "2021-10-31", 120, 0),
	(9, 5, 24, "Noche de música", "Esta noche viene unas cuantas bandas locales a tocar pásate y escucha al pueblo cantar", 14, 15,  "2021-10-31", 240, 0),
	(10, 2, 25, "Introduce título", "La verdad esq soy nuevo aquí alguien quiere quedar mañana por la tarde? No tengo nada que hacer", 18, 150,  "2021-10-31", 45, 0),
	(11, 1, 26, "Tomemos el sol", "Quién se viene a la playa el viernes? Cervezas frías bocadillos y helado", 53, 0,  "2021-10-31", 180, 0),
	(12, 6, 27, "Feria del libro", "Pronto va a haber una feria del libro ¿algún ratón de biblioteca que vaya a ir también?", 25, 100,  "2021-10-31", 45, 0),
	(13, 3, 28, "Recital", "El colegio de música El Mayor celebra el proximo lunes un recital de música. Venganse y escucheme a mí y mis compañeros cantar", 70, 5,  "2021-10-31", 125, 0),
	(14, 2, 29, "Cerveza!", "En diez minutos llego al Bar del Monte hacen unos bocadillos increíbles por si alguien está solo para almorzar.", 10, 60,  "2021-10-31", 30, 0),
	(15, 1, 30, "Inauguración!", "Mañana abrimos y vamos a tener una pequeña celebración. ¡Pásate y redescubre las verduras!", 100, 25,  "2021-10-31", 180, 0);

INSERT INTO img_act (id_image, id_activity, deleted) VALUES 
	(7, 1, 0),
	(8, 2, 0),
	(9, 3, 0),
	(10, 4, 0),
	(11, 5, 0),
	(12, 6, 0),
	(13, 7, 0),
	(14, 8, 0),
	(15, 9, 0),
	(16, 10, 0),
	(17, 11, 0),
	(18, 12, 0),
	(19, 13, 0),
	(20, 14, 0),
	(21, 15, 0);

INSERT INTO review (id_review, id_activity, title, description, points) VALUES
    (1, 1, "Estupendo", "Me lo pasé estupendamente", 9),
    (2, 1, "Puta mierda", "Para nada aconsejable", 0),
    (3, 1, "OK", null, 9),
    (4, 1, "KO", null, 1),
    (5, 2, "ni bien ni mal", null, 5),
    (6, 2, "bueno", null, 6),
    (7, 3, "Guay", null, 7),
    (8, 3, "Me lo esperaba mejor", null, 4);

INSERT INTO img_review (id_image, id_review, deleted) VALUES 
	(1, 1, 0),
	(2, 2, 0),
	(3, 3, 0),
	(4, 4, 0),
	(5, 5, 0),
	(6, 6, 0),
	(22, 7, 0),
	(23, 8, 0);

INSERT INTO entityToActivity VALUES
	(1, 1),
	(1, 5),
	(2, 2),
	(2, 2),
	(2, 2),
	(2, 2),
	(3, 1),
	(3, 1),
	(3, 2),
	(4, 4),
	(4, 7),
	(5, 1),
	(5, 1),
	(5, 4),
	(5, 5),
	(6, 1),
	(7, 1),
	(7, 7),
	(7, 7),
	(8, 2),
	(8, 7),
	(8, 10),
	(8, 10),
	(9, 2),
	(9, 2),
	(9, 7),
	(9, 11),
	(10, 5),
	(10, 7),
	(10, 10),
	(11, 1),
	(11, 4),
	(11, 5),
	(11, 7),
	(11, 11),
	(12, 2),
	(12, 7),
	(12, 15),
	(13, 4),
	(13, 4),
	(13, 11),
	(13, 14),
	(14, 2),
	(14, 5),
	(14, 7),
	(14, 14),
	(15, 2),
	(15, 2),
	(15, 4),
	(15, 15);

INSERT INTO tags_ent VALUES
    (1, 1),
    (2, 2),
    (3, 3),
    (3, 8),
    (4, 4),
    (4, 9),
    (5, 1),
    (5, 5),
    (6, 2),
    (6, 6),
    (7, 3),
    (7, 7),
    (8, 4),
    (8, 8),
    (9, 5),
    (9, 9),
    (10, 1),
    (11, 2),
    (12, 3),
    (12, 8),
    (13, 4),
    (13, 9),
    (14, 1),
    (14, 5),
    (15, 2),
    (15, 6);

INSERT INTO tags_act VALUES
    (1, 1),
    (1, 2),
    (1, 3),
    (1, 4),
    (1, 5),
    (1, 7),
    (2, 2),
    (2, 3),
    (2, 6),
    (2, 7),
    (2, 9),
    (3, 3),
    (3, 4),
    (3, 5),
    (4, 4),
    (4, 9),
    (5, 1),
    (5, 5),
    (6, 2),
    (6, 6),
    (7, 3),
    (7, 7),
    (11, 7),
    (12, 3),
    (12, 8),
    (13, 4),
    (13, 9),
    (14, 1),
    (14, 5),
    (15, 2),
    (15, 6);