-- BD Producción
-- USE heroku_8710917fecf1cf0;

-- BD Beta
 USE heroku_314befdd836197e;

INSERT INTO rol (id_role, name) VALUES
    (1, "Shop"),
    (2, "User");

INSERT INTO tags (id_tags, name) VALUES
    (1, "Aire libre"),
    (2, "Deportes"),
    (3, "Gastronomía"),
    (4, "Hacer Deporte"),
    (5, "Playa"),
    (6, "Senderismo"),
    (7, "Salir de fiesta"),
    (8, "Pasear"),
    (9, "Ir de compras"),
    (10, "Torneo LOL");

INSERT INTO images (id_image, urlPath) VALUES
	(1, "urlFoto1"),
	(2, "urlFoto2"),
	(3, "urlFoto3"),
	(4, "urlFoto5"),
	(5, "urlFoto6"),
	(6, "urlFoto7"),
	(7, "urlFoto8"),
	(8, "urlFoto9"),
	(9, "urlFoto10"),
	(10, "urlFoto11"),
	(11, "urlFoto12"),
	(12, "urlFoto13"),
	(13, "urlFoto14"),
	(14, "urlFoto15"),
	(15, "urlFoto16"),
	(16, "urlFoto17"),
	(17, "urlFoto18"),
	(18, "urlFoto19"),
	(19, "urlFoto20"),
	(20, "urlFoto21"),
	(21, "urlFoto22"),
	(22, "urlFoto23"),
	(23, "urlFoto24");

INSERT INTO provinces VALUES
	(1,  "Álava"),
	(2,  "Albacete"),
	(3,  "Alicante"),
	(4,  "Almería"),
	(5,  "Ávila"),
	(6,  "Badajoz"),
	(7,  "Islas Baleares"),
	(8,  "Barcelona"),
	(9,  "Burgos"),
	(10,  "Cáceres"),
	(11,  "Cádiz"),
	(12,  "Castellón"),
	(13,  "Ciudad Real"),
	(14,  "Córdoba"),
	(15,  "La Coruña"),
	(16,  "Cuenca"),
	(17,  "Girona"),
	(18,  "Granada"),
	(19,  "Guadalajara"),
	(20,  "Gipuzkoa"),
	(21,  "Huelva"),
	(22,  "Huesca"),
	(23,  "Jaén"),
	(24,  "León"),
	(25,  "Lleida"),
	(26,  "La Rioja"),
	(27,  "Lugo"),
	(28,  "Madrid"),
	(29,  "Málaga"),
	(30,  "Murcia"),
	(31,  "Navarra"),
	(32,  "Ourense"),
	(33,  "Asturias"),
	(34,  "Palencia"),
	(35,  "Las Palmas"),
	(36,  "Pontevedra"),
	(37,  "Salamanca"),
	(38,  "Santa Cruz de Tenerife"),
	(39,  "Cantabria"),
	(40,  "Segovia"),
	(41,  "Sevilla"),
	(42,  "Soria"),
	(43,  "Tarragona"),
	(44,  "Teruel"),
	(45,  "Toledo"),
	(46,  "Valencia"),
	(47,  "Valladolid"),
	(48,  "Vizcaya"),
	(49,  "Zamora"),
	(50,  "Zaragoza"),
	(51,  "Ceuta"),
	(52,  "Melilla");

INSERT INTO address (id_address, id_province, codPos, location, direction, latitude, longitude) VALUES
	(1, 14, 14200, "Peñarroya-Pueblonuevo", "C/ Dos de mayo, 22", 39.08989925, -0.545081986577831),
	(2, 46, 46120, "Alboraia", "Av. Mare Nostrum, 36", 39.48671569925988, -0.32602104678428906),
	(3, 46, 46011, "Valencia", "Calle Dr. Lluch, 299-293", 39.47403934794228, -0.32737726469032713),
	(4, 46, 46005, "Valencia", "Gran Vía del Marqués del Turia, 65", 39.46807245684281, -0.36675250690513783),
	(5, 46, 46010, "Valencia", "C. de Amadeo de Saboya, 2-4", 39.474009473049556, -0.3630316433638434),
	(6, 46, 46010, "Valencia", "Av. del Botánico Cavanilles, 1", 39.48179197451317, -0.36524853930435147),
	(7, 46, 46013, "Valencia", "Carrer d'Antonio Ferrandis, 50", 39.44911789072239, -0.36205039540202827),
	(8, 46, 46013, "Valencia", "Avinguda dels Germans Maristes, 15-11", 39.451769876036245, -0.36739977459014783),
	(9, 46, 46020, "Valencia", "C. Emilio Baró, 41-37", 39.4866736811619, -0.3614394767533182),
	(10, 46, 46930, "Cuart de Poblet", "C. Majoral de Quart, 1", 39.482501778699536, -0.4396012216226947),
	(11, 46, 46100, "Burjassot", "Carrer del Dr. Moliner, 2", 39.51041027978192, -0.41506449019920777),
	(12, 46, 46100, "Burjasot", "C. Bailén, 34", 39.5102828653142, -0.41659755487545697),
	(13, 46, 46500, "Sagunt", "Pl. del Cronista Chabret, 7", 39.68074768685425, -0.2779137857173898),
	(14, 46, 46500, "Sagunto", "Carrer Metge Rafael Moya", 39.676668185904006, -0.258765828658274),
	(15, 46, 46500, "Sagunt", "Carrer Gilet, 14-16", 39.68014460937561, -0.28555737085122407),
	(16, 12, 12530, "Burriana", "C. del Bronze, 26-34", 39.87747692547962, -0.11732116967371088),
	(17, 12, 12006, "Castellón de la Plana", "C. del Abeto, 6", 39.983984786795396, -0.06362056718402999),
	(18, 12, 12006, "Castellón de la Plana", "C. de Jesús Martí Martín, 13-9", 39.99147365142124, -0.0641439836421396),
	(19, 13, 13200, "Manzanares", "C. Carrilejos, 43", 39.00137532191904, -3.372950343157947),
	(20, 45, 46169, "Olocau", "Mirador de l'Abella", 39.69537011750718, -0.49397461632787654),
	(21, 46, 46020, "Valencia", "Ronda Norte, S/N", 3788473, -4779152),
	(22, 27, 27578, "Lugo", "Donde Cristo perdió el mechero, S/N", 3788473, -4779152),
	(23, 27, 27578, "Lugo", "Donde Cristo perdió el mechero, S/N", 3788473, -4779152),
	(24, 27, 27578, "Lugo", "Donde Cristo perdió el mechero, S/N", 3788473, -4779152),
	(25, 27, 27578, "Lugo", "Donde Cristo perdió el mechero, S/N", 3788473, -4779152),
	(26, 27, 27578, "Lugo", "Donde Cristo perdió el mechero, S/N", 3788473, -4779152),
	(27, 27, 27578, "Lugo", "Donde Cristo perdió el mechero, S/N", 3788473, -4779152),
	(28, 27, 27578, "Lugo", "Donde Cristo perdió el mechero, S/N", 3788473, -4779152),
	(29, 46, 46020, "Valencia", "Ronda Norte, S/N", 3788473, -4779152),
	(30, 46, 46020, "Valencia", "Ronda Norte, S/N", 3788473, -4779152);
      
INSERT INTO entity (id_entity, id_role, id_address, phone, sha256, pass, mail, nick, name, surname, description, avatar) VALUES
	(1, 2, 16, 999555111, "82109A53D09F69518E408196D3C4F6B587B3836B93B38F7C7F5682DAB8444CDD", "03AC674216F3E15C761EE1A5E255F067953623C8B388B4459E13F978D7C846F4", "ddt@got.com", "Dracarys", "Daenerys", "Targaryen", "Crecer es cambiar", "https://www.caritas.org.mx/wp-content/uploads/2019/02/cualidades-persona-humanitaria.jpg"),
	(2, 2, 17, 999555222, "48C8004CF354B56839E488A9BF2A4B45FD08B675956FE0F3D8789854588A23A4", "03AC674216F3E15C761EE1A5E255F067953623C8B388B4459E13F978D7C846F4", "bjs@got.com", "Bastardo", "Jon", "Snow", "Loving music and life", "https://aws.glamour.mx/prod/designs/v1/assets/620x354/186093.jpg"),
	(4, 2, 18, 999666001, "1B62E25F53605DDD5A9C534BC61491E4657437F1A61B64C41D9584251DA2BB32", "03AC674216F3E15C761EE1A5E255F067953623C8B388B4459E13F978D7C846F4", "slynda@mail.com", "Slynda", "Sara", "Lyndalae", "Me gustan los gatos: pero no mucho", "https://lamenteesmaravillosa.com/wp-content/uploads/2018/09/hombre-creido-pensando-que-sabe.jpg?auto=webp&quality=45&width=1920&crop=16:9,smart,safe"),
	(7, 2, 19, 999666005, "4F10CA7AB8BC5FBED73CD337E4518906ECA6B0DFCCEDA9F0774A0E400A11DCDE", "03AC674216F3E15C761EE1A5E255F067953623C8B388B4459E13F978D7C846F4", "chrrr5@mail.com", "Chloe", "Chloe", "Apellido Inventado", "Primera vez que puedo llamarme chloe y no Chloe1 o Chloe2 o Chloe1234", "https://concepto.de/wp-content/uploads/2018/08/persona-e1533759204552.jpg"),
	(8, 2, 20, 999666007, "0E224F749B6AAE85D37BFDFAD852EBC9C903674BEFDF242F2DEC3C7EC65CC3E4", "03AC674216F3E15C761EE1A5E255F067953623C8B388B4459E13F978D7C846F4", "totallynotfake@mail.com", "Rosael", "James", "Anthony Adams", "I'm new here: who wants to hang out?", "https://cdnb.20m.es/sites/112/2019/04/cara6-620x618.jpg"),
	(10, 2, 21, 999666008, "AC8705147C46A4BF032ABC6E5E495C44B7016F9751EAFAEF70C930DCD0E692E2", "03AC674216F3E15C761EE1A5E255F067953623C8B388B4459E13F978D7C846F4", "mooothwes@mail.com", "Mattt", "Mathews", "Moo", "No soy una vaka", "https://cdnb.20m.es/sites/112/2019/04/cara75-620x609.jpg"),
	(11, 2, 22, 999666009, "30BD0BB64B0FC6937F40638C35076064D07CD239B9A110A1FDAA47000430D81A", "03AC674216F3E15C761EE1A5E255F067953623C8B388B4459E13F978D7C846F4", "praisethesun@mail.com", "CarlAs", "Solaire", "Astora", "\[T]/", "https://cdnb.20m.es/sites/112/2019/04/cara47-620x620.jpg"),
	(12, 2, 23, 999666010, "2DEA635F577E602E3A2015148DD2030984A8009E1CD43A492FC1527B674B7303", "03AC674216F3E15C761EE1A5E255F067953623C8B388B4459E13F978D7C846F4", "clat65@mail.com", "Clara", "Clara", "Torres", "Crecer es cambiar", "https://cdnb.20m.es/sites/112/2019/04/cara61-620x620.jpg"),
	(13, 2, 24, 999555335, "B3CD2B3D4BA5071177EF0EC2EB31C22848F2BAF64A86A4914B1425627FFEC458", "03AC674216F3E15C761EE1A5E255F067953623C8B388B4459E13F978D7C846F4", "chafacharcos97@mail.com", "Chafacharcos", "Sergio", "Astronauta", "Loving music and life", "https://cdnb.20m.es/sites/112/2019/04/cara4-620x620.jpg"),
	(14, 2, 25, 999555333, "F0F4F7C68BAC32635B0FD8C71E89BCEF296F8055FEC745B846A1167C91901028", "03AC674216F3E15C761EE1A5E255F067953623C8B388B4459E13F978D7C846F4", "ironman724830@mail.com", "VitKras_87", "Viktor", "Andre Saldaya","Yo con tanta leche y tu con cara de galleta", "https://cdnb.20m.es/sites/112/2019/04/cara13-620x624.jpg"),
	(3, 1, 26, 999666003, "4CA0CDB671B2A0FE9B0D130538EAB5003556B6502B22A8B0707DBDD6FB381DC7", "03AC674216F3E15C761EE1A5E255F067953623C8B388B4459E13F978D7C846F4", "100@got.com", "Tasquilla", "100 Montaditos", null, "Una cerveza: un cigarro --> muñeco de barro", "https://upload.wikimedia.org/wikipedia/commons/4/44/Dr._Esquerdo_45.jpg"),
	(5, 1, 27, 999666002, "48130F62B5B03159DDEAA8989204FFAC7469BD3AF462F3E447E56B8D4D039FD5", "03AC674216F3E15C761EE1A5E255F067953623C8B388B4459E13F978D7C846F4", "antonio@mail.com", "TipoDeIncognito", "Antonio", "López Pedrola", "Me gustan los perros: pero no demasiado", "https://estaticos.muyhistoria.es/media/cache/1140x_thumb/uploads/images/pyr/54941b888c770c961fd6dd5e/temple-bar.jpg"),
	(6, 1, 28, 999666006, "C7A3CFD22CF9F4FB148A7BB78EAC3859C15E61EA6A3B12ABCA57E4E29BE54FC3", "03AC674216F3E15C761EE1A5E255F067953623C8B388B4459E13F978D7C846F4", "cofsugar@mail.com", "Coffè", "Cafetería - heladería", null, "Cafe: leche y azúcar", "https://ep01.epimg.net/elviajero/imagenes/2019/03/29/album/1553880503_993772_1554271587_noticia_normal_recorte1.jpg"),
	(9, 1, 29, 999666003, "8A0B4303BE8A2DC46BC16C6E10EDB73CAD98970E8294B0CF0A2F3F587250D96C", "03AC674216F3E15C761EE1A5E255F067953623C8B388B4459E13F978D7C846F4", "pub24negocios@mail.com", "P24", "Pub", null, "Pub sin g", "https://www.irlanda.net/wp-content/uploads/sites/10/pub-dublino.jpg"),
	(15, 1, 30, 999666012, "7D771847542DFD43D3D5E2C5591F954D0F05E2E3A5BE98C9280E3D731EFC63B5", "03AC674216F3E15C761EE1A5E255F067953623C8B388B4459E13F978D7C846F4", "summerbreath@mail.com", "Soplo de verano", "Restaurante vegano", null, "Nuevo restaurante para aquellos que solo comen verde", "https://images.clarin.com/2018/03/05/SyvD3Jj_M_1256x620__1.jpg");

INSERT INTO activity (id_activity, id_entity_creator, id_address, dateAct, title, description, seats, price, min_duration) VALUES
	(1, 2, 1, "2021-11-30", "Party de Halloween", "Nos vamos de botellona por el centro...", 155, 12.50, 15),
	(2, 1, 2, "2021-11-30", "Acampada", "Visita guiada al muro de hielo...", 200, 0, 90),
	(3, 3, 3, "2021-12-30", "Come y bebe", "Come y bebe todo lo que puedas...", 40, 10, 45),
	(4, 8, 4, "2021-12-30", "Anyone available?", "Tonight near city centre. I'm bored", 25, 0, 45),
	(5, 4, 5, "2022-01-01", "Fiesta de disfraces", "Pues eso se acerca Halloween ¿alquien quiere venirse disfrazado y ir a pedir xuxes?", 60, 0, 45),
	(6, 6, 6, "2022-01-01", "Nuevo Capuccino", "Para celebrar nuestros nuevos cafés almuerzo con descuento y actuación matutina no te lo pierdas", 15, 4, 90),
	(7, 1, 7, "2022-01-01",  "Prueba", "Espero no publicar esto sin querer", 6, 10, 5),
	(8, 3, 8, "2022-01-01", "Quiero conocer gente nueva", "Soy nuevo en la ciudad quiero conocer gente nueva soy nuevo estudiante de la UPV. Cervezas?", 20, 40, 120),
	(9, 5, 9, "2022-01-01", "Noche de música", "Esta noche viene unas cuantas bandas locales a tocar pásate y escucha al pueblo cantar", 14, 15, 240),
	(10, 2, 10, "2021-12-30", "Introduce título", "La verdad esq soy nuevo aquí alguien quiere quedar mañana por la tarde? No tengo nada que hacer", 18, 150, 45),
	(11, 1, 11, "2021-12-23", "Tomemos el sol", "Quién se viene a la playa el viernes? Cervezas frías bocadillos y helado", 53, 0, 180),
	(12, 6, 12, "2021-12-24", "Feria del libro", "Pronto va a haber una feria del libro ¿algún ratón de biblioteca que vaya a ir también?", 25, 100, 45),
	(13, 3, 13, "2021-12-25", "Recital", "El colegio de música El Mayor celebra el proximo lunes un recital de música. Venganse y escucheme a mí y mis compañeros cantar", 70, 5, 125),
	(14, 2, 14, "2021-12-22", "Cerveza!", "En diez minutos llego al Bar del Monte hacen unos bocadillos increíbles por si alguien está solo para almorzar.", 10, 60, 30),
	(15, 1, 15, "2021-12-16", "Inauguración!", "Mañana abrimos y vamos a tener una pequeña celebración. ¡Pásate y redescubre las verduras!", 100, 25, 180);

INSERT INTO img_act (id_image, id_activity) VALUES 
	(7, 1),
	(8, 2),
	(9, 3),
	(10, 4),
	(11, 5),
	(12, 6),
	(13, 7),
	(14, 8),
	(15, 9),
	(16, 10),
	(17, 11),
	(18, 12),
	(19, 13),
	(20, 14),
	(21, 15);

INSERT INTO review (id_review, id_activity, id_entity, points, title, description) VALUES
    (1, 1, 4, 9, "Estupendo", "Me lo pasé estupendamente"),
    (2, 1, 4, 0, "Puta mierda", "Para nada aconsejable"),
    (3, 1, 5, 9, "OK", null),
    (4, 1, 5, 1, "KO", null),
    (5, 2, 5, 5, "ni bien ni mal", null),
    (6, 2, 6, 6, "bueno", null),
    (7, 3, 6, 7, "Guay", null),
    (8, 3, 6, 4, "Me lo esperaba mejor", null);

INSERT INTO img_review (id_image, id_review) VALUES 
	(1, 1),
	(2, 2),
	(3, 3),
	(4, 4),
	(5, 5),
	(6, 6),
	(22, 7),
	(23, 8);

INSERT INTO entityToActivity VALUES
	(1, 1),
	(1, 5),
	(2, 2),
	(2, 2),
	(2, 2),
	(2, 2),
	(3, 1),
	(3, 1),
	(3, 2),
	(4, 4),
	(4, 7),
	(5, 1),
	(5, 1),
	(5, 4),
	(5, 5),
	(6, 1),
	(7, 1),
	(7, 7),
	(7, 7),
	(8, 2),
	(8, 7),
	(8, 10),
	(8, 10),
	(9, 2),
	(9, 2),
	(9, 7),
	(9, 11),
	(10, 5),
	(10, 7),
	(10, 10),
	(11, 1),
	(11, 4),
	(11, 5),
	(11, 7),
	(11, 11),
	(12, 2),
	(12, 7),
	(12, 15),
	(13, 4),
	(13, 4),
	(13, 11),
	(13, 14),
	(14, 2),
	(14, 5),
	(14, 7),
	(14, 14),
	(15, 2),
	(15, 2),
	(15, 4),
	(15, 15);

INSERT INTO tags_ent VALUES
    (1, 1),
    (2, 2),
    (3, 3),
    (3, 8),
    (4, 4),
    (4, 9),
    (5, 1),
    (5, 5),
    (6, 2),
    (6, 6),
    (7, 3),
    (7, 7),
    (8, 4),
    (8, 8),
    (9, 5),
    (9, 9),
    (10, 1),
    (11, 2),
    (12, 3),
    (12, 8),
    (13, 4),
    (13, 9),
    (14, 1),
    (14, 5),
    (15, 2),
    (15, 6);

INSERT INTO tags_act VALUES
    (1, 1),
    (1, 2),
    (1, 3),
    (1, 4),
    (1, 5),
    (1, 7),
    (2, 2),
    (2, 3),
    (2, 6),
    (2, 7),
    (2, 9),
    (3, 3),
    (3, 4),
    (3, 5),
    (4, 4),
    (4, 9),
    (5, 1),
    (5, 5),
    (6, 2),
    (6, 6),
    (7, 3),
    (7, 7),
    (11, 7),
    (12, 3),
    (12, 8),
    (13, 4),
    (13, 9),
    (14, 1),
    (14, 5),
    (15, 2),
    (15, 6);